g_drugless,gmin,mic,k
0.8728658563136941,-0.3781942065120027,0.07020934297607379,1.3557501333753812
