g_drugless,gmin,mic,k
2.5614084593259334,-1.1257113513454307,0.09842995274171668,1.3146217199664376
